Paraná | Todos os Municípios;;;;;;;;;;;;;
;;;;;;;;;;;;;
Município [-];Código [-];Gentílico [-];Prefeito [2025];Área Territorial - km [2024];População no último censo - pessoas [2022];Densidade demográfica - hab/km [2022];População estimada - pessoas [2024];Escolarização 6 a 14 anos [2010];IDHM Índice de desenvolvimento humano municipal [2010];Mortalidade infantil - óbitos por mil nascidos vivos [2023];Total de receitas brutas realizadas - [2023];Total de despesas brutas empenhadas - [2023];PIB per capita - [2021]
Abatiá;4100103;abatiense;SONIA APARECIDA DE SOUZA CHAVES;228,717;7241;31,66;7271;96,5;0,687;-;47733587,01;41659546,03;30140,55
Adrianópolis;4100202;adrianopolitano ou adrianopolense;VANDIR DE OLIVEIRA ROSA;1349,311;6256;4,64;6327;95,8;0,667;-;53663341,32;48779622,82;63631,39
Agudos do Sul;4100301;agudense-do-sul ou agudense;GENEZIO GONÇALVES DA LUZ;192,261;10233;53,22;10646;96,3;0,66;29,85;56439846,05;48989315,67;22674,09
Almirante Tamandaré;4100400;tamandareense;CAMILO DANIEL LOVATO;194,228;119825;616,93;124788;95,6;0,699;6,57;422273302,1;363215435;15947,74
Altamira do Paraná;4100459;altamirense;ELZA APARECIDA DA SILVA;386,945;3590;9,28;3543;97,5;0,667;21,28;39337787,13;31516744,42;67332,6
Altônia;4100509;altoniano;DIEGO JARDIM PERGO;661,56;18742;28,33;18750;99,7;0,721;4,9;102531584;94730535,72;20747,69
Alto Paraná;4100608;alto-paranaense;CLAUDEMIR JOIA PEREIRA;407,719;13909;34,11;14138;96;0,696;24,84;88937859,66;78405848,81;29192,99
Alto Piquiri;4100707;alto-piquirense;GIOVANE MENDES DE CARVALHO;447,666;9727;21,73;9802;97,7;0,676;16;64484961,27;55707732,46;42092,67
Alvorada do Sul;4100806;alvoradense-do-sul;MARCOS ANTONIO GASPARELLI;424,25;10326;24,34;10478;97,4;0,708;10,53;100435694;87951715,04;29176,4
Amaporã;4100905;amaporense;MARCOS MARIN;384,735;4762;12,38;4736;98,3;0,669;-;48799577,83;38976608,85;18911,54
Ampére;4101002;amperense;DOUGLAS DIEMS MOROCKOSKI POTRICH;298,349;19620;65,76;20199;99,3;0,709;18,12;121709989,5;102310509,8;38549,37
Anahy;4101051;anaiense;ARILSON BATISTA DE SOUZA;102,895;2918;28,36;2965;97,4;0,695;96,77;35959309,48;30151826,53;41475,92
Andirá;4101101;andiraense;EDNYRA APARECIDA SANCHES BUENO DE GODOY FERREIRA;235,944;19878;84,25;20044;99,1;0,725;9,17;143168119;128408460,4;41191,94
Ângulo;4101150;angulense;ALEXANDRE DE SOUSA PROFETA;106,021;3235;30,51;3332;100;0,721;25,64;48203982,04;36630284,54;52613,12
Antonina;4101200;antoninense;ROZANE MARISTELA BENEDETTI OSAKI;891,582;18091;20,29;18223;97,6;0,687;20,62;132839332,3;121095621,8;37048,49
Antônio Olinto;4101309;antoniolintense;FABIO STANISZEWSKI MACHIAVELLI;469,62;7018;14,94;7071;98,6;0,656;14,49;44936514,59;41324262,18;31445,78
Apucarana;4101408;apucaranense;RODOLFO MOTA DA SILVA;556,99;130134;233,64;134306;97,8;0,748;9,68;601344879,1;549055470,4;28189,54
Arapongas;4101507;araponguense;RAFAEL FELIPE CITA;382,215;119138;311,7;123863;97,3;0,748;11,5;673729889,9;544208248,2;39149,76
Arapoti;4101606;arapotiense;IRANI JOSE BARROS;1360,742;25777;18,98;26310;97,7;0,723;19,83;196137764,4;170719640;50824,66
Arapuã;4101655;arapuense;MANOEL SALVADOR;217,371;3527;16,23;3573;97,1;0,676;23,81;38679814,57;30829812,33;51561,44
Araruna;4101705;ararunense;GUSTAVO FRANÇA DOS SANTOS;493,191;14485;29,37;14824;99,1;0,704;17,65;87394811,75;72686581,27;39018,11
Araucária;4101804;araucariano;LUIZ GUSTAVO BOTOGOSKI;469,24;151666;323,22;160038;97,4;0,74;9,46;1953563421;1625304742;170125,52
Ariranha do Ivaí;4101853;ariranhense do ivaí;THIAGO EPIFANIO DA SILVA;234,075;2329;9,95;2351;99,4;0,67;35,71;36936098,57;29115337,11;63664,72
Assaí;4101903;assaiense;MICHEL ANGELO BOMTEMPO;440,347;13797;31,33;13643;98;0,728;-;76026353,68;60797441,88;36478,15
Assis Chateaubriand;4102000;assis-chateaubriense;MARCEL HENRIQUE MICHELETTO;980,727;36808;37,53;38105;98,6;0,729;13,73;216579291,7;196172972,6;49040,24
Astorga;4102109;astorgano;SUZIE APARECIDA PUCILLO ZANATTA;434,792;25475;58,59;26145;97,4;0,747;17,01;157424552,3;144634091,9;33567,88
Atalaia;4102208;atalaiense;CARLOS EDUARDO ARMELIN MARIANI;137,663;3980;28,91;4045;99,6;0,736;32,26;47041193,33;38683942,19;45806,54
Balsa Nova;4102307;balsa-novense;CLEVER APARECIDO IAVOLSKI POLETTO;348,926;13395;38,39;13871;87,4;0,696;6,54;84282386,83;74995728,7;69966,95
Bandeirantes;4102406;bandeirantense;JAELSON RAMALHO MATTA;445,192;31273;70,25;31807;97,8;0,727;2,8;159561521,9;141389472,6;33274,08
Barbosa Ferraz;4102505;barbosense;CARLOS ROSA ALVES;538,636;10795;20,04;10692;98,2;0,696;16,26;68857516,39;61716054,01;26524,95
Barracão;4102604;barraconense;JORGE LUIZ SANTIN;161,213;9759;60,53;9900;95,3;0,706;16,53;67490002,53;59403039,42;25538,63
Barra do Jacaré;4102703;barrense;LUIZ FABIANO ZANATTA;115,855;2814;24,29;2866;98,7;0,744;-;36139452,38;30509305,11;53994,67
Bela Vista da Caroba;4102752;bela-vistense;GELSON MAFFI;148,107;4031;27,22;4100;99,5;0,681;-;33368063,84;29759689,44;31414,33
Bela Vista do Paraíso;4102802;bela-vistense;FABRICIO PASTORE;242,689;14833;61,12;14998;97,3;0,716;10,64;107287796,3;94399536,58;34014,05
Bituruna;4102901;biturenense;RODRIGO ROSSONI;1276,14;15533;12,58;15689;98,2;0,667;7,72;170732792,5;121441585;33658,71
Boa Esperança;4103008;boa-esperansense;JOEL CELSO BUSCARIOL;302,89;4558;15,06;4622;99;0,72;24,39;55334271,81;45358447,41;71587,36
Boa Esperança do Iguaçu;4103024;boaesperencense;GIVANILDO TRUMI;151,797;2455;16,17;2448;98,3;0,7;34,48;39560681,89;37077907,86;58521,93
Boa Ventura de São Roque;4103040;boa venturense;NESTOR KENEAR;608,179;6378;10,28;6244;97,5;0,655;11,76;72276502,66;59704617,43;56993,31
Boa Vista da Aparecida;4103057;boa-vistense;EDUARDO JOSE HENRICHS;266,175;7924;29,77;8034;99,2;0,67;9,01;69015033,59;55446895,89;24632,62
Bocaiúva do Sul;4103107;bocaiuvense;JOAO DE LIMA;825,665;13299;16,11;13804;95,1;0,64;5,81;66104755,25;62351244,33;21066,48
Bom Jesus do Sul;4103156;bonjesuense;HELIO JOSE SURDI;176,129;3980;22,6;4061;99,4;0,697;-;43439792,02;32427213,03;33318,79
Bom Sucesso;4103206;bom-sucessense;ROSANA FERREIRA LOPES;322,755;6581;20,39;6677;95,5;0,686;37,5;54036265,93;50544365,34;22143,17
Bom Sucesso do Sul;4103222;bomsucessense do sul;MAICO DIOGO FAVERSANI;195,931;3202;16,34;3234;98,3;0,742;-;47339237,11;36884047,54;92499,86
Borrazópolis;4103305;borrazopolitano;ADILSON LUCCHETTI;334,378;7735;23,13;7824;99;0,717;13,7;50125118,8;49538094,99;39060,72
Braganey;4103354;braganense;VALDIR ZIELINSKI;343,321;4854;14,14;4802;98;0,701;-;44478531,18;35867495,62;45249,28
Brasilândia do Sul;4103370;brasilandiense;ALEX ANTONIO CAVALCANTE;291,036;3708;12,74;3828;97,8;0,681;-;44896009,2;36032895,6;109465,23
Cafeara;4103404;cafearense;ELTON FÁBIO LAZARETTI;185,8;2627;14,14;2655;99,5;0,693;-;35295969,05;31138479,1;38364,98
Cafelândia;4103453;cafelandense;JUNIOR MOTTER;274,904;18997;69,1;19844;98;0,748;3,36;153557010,3;131069967,8;103778,69
Cafezal do Sul;4103479;cafezalense;PEDRO MINORU INOUE;335,392;4473;13,34;4561;98,4;0,692;-;46802973,03;38483894,17;37483,08
Califórnia;4103503;californiano;PAULO SÉRGIO CHILEIDE;141,817;8710;61,42;8921;97,2;0,722;-;50020795,13;37951783,55;29304,69
Cambará;4103602;cambaraense;WALCIR JOAQUIM;366,153;23212;63,39;23430;97,3;0,721;12,35;136733523,3;117139154;32034,21
Cambé;4103701;cambeense;CONRADO ANGELO SCHELLER;495,375;107208;216,42;111009;97,5;0,734;10,93;521656680,8;467021841,4;46520,49
Cambira;4103800;cambirense;ANA LÚCIA DE OLIVEIRA;164,786;9460;57,41;9899;97,5;0,725;14,71;55553853,38;44122039,05;35173,74
Campina da Lagoa;4103909;campinense-da-lagoa;GIANNY JOSE GRACIOSO BENTO;796,614;15723;19,74;15979;97,3;0,704;10,2;96487130,54;79010296,34;41647,39
Campina do Simão;4103958;campineiro do simão;ANDRÉ JUNIOR DE PAULA;448,424;3936;8,78;3973;98,4;0,63;24,69;54626976,84;39440041,6;39254,11
Campina Grande do Sul;4104006;campinense-do-sul;LUIZ CARLOS ASSUNÇÃO;539,245;47825;88,69;49971;98;0,718;11,22;292971860;250224675,6;49376,42
Campo Bonito;4104055;campo-bonitense;MARIO WEBER;433,832;4027;9,28;4032;97,4;0,681;-;47412888,26;40498855,39;60821,41
Campo do Tenente;4104105;tenentiano;WEVERTON WILLIAN VIZENTIN;304,488;7508;24,66;7666;98,7;0,686;-;41469791,56;39700821,67;32185,94
Campo Largo;4104204;campo-larguense;MAURICIO ROBERTO RIVABEM;1243,787;136327;109,63;142695;97,7;0,745;10,08;681362213,5;638471265,7;42257,57
Campo Magro;4104253;campomagrense;RILTON BOZA;275,352;30160;109,53;31555;96,1;0,701;2,93;145918254,1;132409390;17964,99
Campo Mourão;4104303;mourãoense;JOÃO DOUGLAS FABRÍCIO;749,637;99432;132,64;103340;98,2;0,757;6,88;662254919,8;654494624,3;53562,73
Cândido de Abreu;4104402;cândido-abreuense;RENAN MENCK ROMANICHEN;1510,16;15244;10,09;15255;98,1;0,629;10,42;89140622,47;80201936,88;28869,34
Candói;4104428;candoianos;ALDOINO GOLDONI FILHO;1513,038;14973;9,9;15174;93,8;0,635;4,72;122170161,8;101912613,2;52715,43
Cantagalo;4104451;cantagalense;JOAO KONJUNSKI;568,054;10933;18,74;10799;96;0,635;22,35;67033603,6;63685040,87;25184,85
Capanema;4104501;capanemense;NEIVOR KESSLER;418,805;20481;48,88;21022;98,2;0,706;15,33;125500812,1;112878979,7;57726,48
Capitão Leônidas Marques;4104600;leônidas-marquesiense;MAXWELL SCAPINI;280,063;14648;52,3;14796;98,2;0,716;21,62;94872118,7;88781239,32;79030,78
Carambeí;4104659;carambiense;ELISANGELA PEDROSO DE OLIVEIRA NUNES;649,679;23283;35,84;24159;98,2;0,728;13,97;181002531,3;158806215;65176,2
Carlópolis;4104709;carlopolitano;NILTON DOUGLAS DE MEIRA;451,418;16905;37,45;17567;98,1;0,713;4,29;62570765,07;45326035,87;31871,53
Cascavel;4104808;cascavelense;RENATO DA SILVA;2091,199;348051;166,44;364104;98,1;0,782;11,24;1922352184;1847768082;46976,49
Castro;4104907;castrense;REINALDO CARDOSO;2531,503;73075;28,87;75291;97,2;0,703;7,79;431920688,2;388821771,1;50347,9
Catanduvas;4105003;catanduvense;ADEMAR LUIZ BURCKHARDT;580,421;10446;18;10627;97,8;0,678;-;73796918,29;61557217,24;35091,66
Centenário do Sul;4105102;centenariense;MELQUIADES TAVIAN JUNIOR;371,834;10832;29,13;10936;97,9;0,668;-;53262990,59;48828521,91;40960,07
Cerro Azul;4105201;cerro-azulense;EDSON CORDEIRO DO NASCIMENTO;1341,189;16134;12,03;16240;92,9;0,573;10,87;93257518,67;88585252,47;22652,48
Céu Azul;4105300;céu-azulense;LAURINDO SPEROTTO;1180,361;11087;9,4;11251;98,4;0,732;26,32;89916060,33;81215412,58;79412,65
Chopinzinho;4105409;chopinzinhense;ÁLVARO DÊNIS CENI SCOLARO;959,77;21085;21,97;21559;98,1;0,74;22,15;169803221,3;142004597;47651,2
Cianorte;4105508;cianortense;MARCO ANTONIO FRANZATO;811,665;79527;97,98;82359;98,2;0,755;12,28;501252665,5;505423433,4;35771,57
Cidade Gaúcha;4105607;cidade-gauchense ou citadino;ALEXANDRE LUCENA;403,045;11467;28,45;11684;98,5;0,718;14,71;64834991,41;58024462,14;33349,14
Clevelândia;4105706;clevelandense;RAFAELA MARTINS LOSI;703,695;15070;21,42;14975;96;0,694;14,29;100997068;87522383,33;51273,61
Colombo;4105805;colombense;HELDER LUIZ LAZAROTTO;197,58;232212;1175,28;240720;96,6;0,733;11,51;793788197,8;783965583;22842,86
Colorado;4105904;colorado;ROSIMEIRE CHIQUIM;407,568;22896;56,18;23278;98,1;0,73;20,69;168514753,1;149335077,6;32809,41
Congonhinhas;4106001;congonhinhense;JOSE OLEGARIO RIBEIRO LOPES;535,963;8320;15,52;8442;98,7;0,668;11,24;64112326,97;56856463,96;32108,39
Conselheiro Mairinck;4106100;mairinquense;JOSELEI APARECIDO DE CARVALHO;204,705;3461;16,91;3486;98,7;0,707;-;33204438,82;26569963,95;39176,79
Contenda;4106209;contendense;ANTONIO ADAMIR DIGNER;299,037;19128;63,97;19827;99,6;0,681;4,24;111328961,5;106886310;29222,03
Corbélia;4106308;corbeliano;THIAGO DAROSS STEFANELLO;529,137;17470;33,02;17862;97,9;0,738;-;129470433,8;114126998,4;62009,98
Cornélio Procópio;4106407;procopense;RAPHAEL DIAS SAMPAIO;635,1;45206;71,18;45830;98,7;0,759;10,92;257496618;259500899,3;37882,76
Coronel Domingos Soares;4106456;domingosoarense;MARIA ANTONIETA DE ARAUJO ALMEIDA;1513,709;5649;3,63;5516;95,9;0,6;8,77;67942738,08;57163796,93;42947,64
Coronel Vivida;4106506;coronel-vividense;ANDERSON MANIQUE BARRETO;684,201;23331;34,09;23859;97,5;0,723;26,94;146983069,7;127557464,1;43433,82
Corumbataí do Sul;4106555;corumbataiense;ALEXANDRE DONATO;164,341;3760;22,88;3780;97;0,638;28,57;33376682,5;30727869,45;28866,17
Cruzeiro do Iguaçu;4106571;cruzeirense;RENI KOVALSKI;161,862;4133;25,53;4171;98,4;0,709;-;44508741,22;39228087,7;41898,39
Cruzeiro do Oeste;4106605;cruzeirense;ARMANDO CERCI JUNIOR;775,984;23831;30,71;24622;97,7;0,717;26,92;132333433,3;123073789,4;40998,59
Cruzeiro do Sul;4106704;cruzeirense-do-sul;MARCOS CÉSAR SUGIGAN;259,103;4494;17,34;4547;98,5;0,713;-;42945801,68;41661099,76;46357,24
Cruz Machado;4106803;cruz-machadense;CARLOS NOWAK;1478,35;15978;10,81;15910;96,9;0,664;5,52;105426204,8;89871777,1;26907,14
Cruzmaltina;4106852;cruzmaltinense;MAURÍCIO BUENO DE CAMARGO;312,299;2892;9,26;2896;99,3;0,666;-;38014025,27;32053839,03;52273,46
Curitiba;4106902;curitibano;EDUARDO PIMENTEL SLAVIERO;435,277;1773718;4078,53;1829225;97,6;0,823;7,9;11977392150;12878850988;49907,02
Curiúva;4107009;curiuvense;CHRISTIANO GIUNTA BORGES;576,263;13647;23,68;13802;98,7;0,656;11,76;85320027,37;78214436,97;18055,67
Diamante do Norte;4107108;diamantense;ELIEL DOS SANTOS CORREA;242,887;5142;21,17;5164;97,2;0,723;-;50428234,27;40208647,75;59944,36
Diamante do Sul;4107124;sul-diamantino;DARCI TIRELLI;347,233;3171;9,13;3170;99,4;0,608;-;32418940,53;29084993,83;21926,22
Diamante D'Oeste;4107157;diamantense;AMARILDO APARECIDO DA SILVA;309,11;4557;14,74;4557;98,2;0,644;43,48;31347998,44;33506969,46;24255,65
Dois Vizinhos;4107207;duovizinhense;LUIS CARLOS TURATTO;418,648;44869;107,18;47014;98,4;0,767;11,2;310584036,5;265974382,2;48921,89
Douradina;4107256;douradinense;OBERDAM JOSÉ DE OLIVEIRA;420,604;9161;21,78;9525;97,2;0,724;24,39;59935519,7;51006627,36;93597,1
Doutor Camargo;4107306;camarguense;DOUGLAS RIBEIRO DO PRADO;118,285;6327;53,49;6484;98,6;0,746;13,16;41521065,32;40210252,54;33469,25
Enéas Marques;4107405;enéas-marquense;EDSON LUPATINI;192,203;5999;31,21;6070;99,3;0,752;-;60435573,83;49749270,32;52715,48
Engenheiro Beltrão;4107504;engenheiro-beltrense;ADALMIR JOSÉ GARBIM JÚNIOR;467,646;12454;26,64;12431;97,8;0,73;17,24;79759845,66;76161344,46;40584,18
Esperança Nova;4107520;esperançanovense;EVERTON BARBIERI;141,286;1849;13,09;1858;98,5;0,689;-;37654684,86;30654048,27;39954,49
Entre Rios do Oeste;4107538;entrerriense;JAIR BOKORNI;120,967;4575;37,82;4729;100;0,761;-;79488428,27;64729873,67;67333,74
Espigão Alto do Iguaçu;4107546;espigãoense;AGENOR BERTONCELO;326,44;4797;14,69;4881;97,9;0,636;17,54;51473378,64;43584121,21;40911
Farol;4107553;farolense;OCLECIO DE FREITAS MENESES;289,232;3039;10,51;3023;97,1;0,715;-;43072815,59;34927830,3;72035,16
Faxinal;4107603;faxinalense;HERMES ANTONIO SANTA ROSA;715,943;16389;22,89;16618;96,3;0,687;14,56;99935970,47;89554089,43;28779,4
Fazenda Rio Grande;4107652;fazendense;MARCO ANTONIO MARCONDES SILVA;116,678;148873;1275,93;161506;95,8;0,72;7,7;626603491,3;510841545,6;31927,39
Fênix;4107702;fenexense;EURIPEDES MOLINA TASCA JUNIOR;234,099;4492;19,19;4512;99,1;0,716;22,73;37846871,36;31847633,77;44967,52
Fernandes Pinheiro;4107736;fernandespinheirense;OZIEL NEIVERT;406,5;6255;15,39;6387;96,5;0,645;12,82;62893656,95;45263810,16;45649,28
Figueira;4107751;figueirense;VALDECIR GARCIA;129,769;8062;62,13;8144;98,1;0,677;-;44269066,9;34801642,42;21181,49
Floraí;4107801;floraiense;EDNA DE LOURDES CARPINE CONTIN;191,133;4792;25,07;4825;97;0,745;-;37486195,87;36226382,16;49000,9
Flor da Serra do Sul;4107850;sulflorense;VALMOR FELIPE JUNIOR;255,721;4364;17,07;4367;98,7;0,682;-;58109932,93;43901548,02;39855,65
Floresta;4107900;florestense;ROGERIO PEREIRA MENDES;158,334;10458;66,1;11226;98,8;0,736;12,58;74756781,75;65024163,84;39148,52
Florestópolis;4108007;florestopolitano;ONICIO DE SOUZA;246,853;11446;46,37;11639;97,2;0,701;15,63;66378647,28;54986514,23;38640,04
Flórida;4108106;floridense;ANTONIO EMERSON SETTE;83,046;2652;31,93;2704;96,3;0,732;28,57;39175340,42;29719791,08;29746,95
Formosa do Oeste;4108205;formosense-do-oeste;ORIVALDO MUNICELLI;275,901;7635;27,67;7756;96,4;0,723;13,51;61340897,86;47273459,76;58437,29
Foz do Iguaçu;4108304;iguaçuense;JOAQUIM SILVA E LUNA;609,192;285415;468,51;295500;96,4;0,751;9,26;1617301201;1605146827;73534,49
Francisco Alves;4108320;alvense;ALIRIO JOSÉ MISTURA;321,898;8116;25,21;8464;98,6;0,669;8,4;55979446,03;39402410,32;48899,41
Francisco Beltrão;4108403;beltronense;ANTONIO PEDRON;735,111;96666;131,5;101302;98,8;0,774;14,31;570243307,6;545186154,4;39597,05
Foz do Jordão;4108452;fozjordense;FRANCISCO CLEI DA SILVA;234,733;4926;20,93;4925;96,4;0,645;-;52380047,81;39626525,78;41213,59
General Carneiro;4108502;carneirense;JOEL RICARDO MARTINS FERREIRA;1071,183;11062;10,33;10861;96,7;0,652;24,15;74423860,19;67297495,82;32611,06
Godoy Moreira;4108551;godoense;PRIMIS DE OLIVEIRA;131,012;2977;22,72;2970;100;0,675;35,71;39212171,69;27937022,42;25416,43
Goioerê;4108601;goio-erense;PEDRO ANTÔNIO DE OLIVEIRA COELHO;564,456;28437;50,41;28970;97,4;0,731;15,72;164111797,2;148852374,2;37392,3
Goioxim;4108650;goioxinhense;EDER DOS SANTOS;702,959;6566;9,35;6531;98,1;0,641;31,58;53703330,22;42290195,63;44184,49
Grandes Rios;4108700;grande-riense;WILLIAM JOSÉ GONÇALVES;311,889;5641;17,95;5586;96,1;0,658;14,71;42115932,56;35756855,07;32114,19
Guaíra;4108809;guairense;GILEADE GABRIEL OSTI;563,742;32097;56,94;32966;95,9;0,724;8,77;247348092;222765728,5;34033,18
Guairaçá;4108908;guairaçaense;MARCELO ALVES DE OLIVEIRA;493,94;6587;13,34;6733;96,9;0,693;30;52696128,49;46980450,77;41008,09
Guamiranga;4108957;guamiranguense;MARCELO LEITE;244,795;7856;32,09;7961;97,5;0,669;-;60308625,16;47837802,2;33226,19
Guapirama;4109005;guapiramense;PEDRO DE OLIVEIRA;189,1;4626;24,46;4792;98,6;0,702;13,89;35755722,94;36714652,64;46978,22
Guaporema;4109104;guaporemense;GILBERTO CASTIGLIONI;201,15;2191;10,89;2217;98,4;0,719;41,67;33679918,61;30554157,18;34904,03
Guaraci;4109203;guaraciense;MARCOS ANTÔNIO DE SOUZA;211,68;4748;22,43;4762;99,3;0,698;20;50479346,03;41708864,5;40288,15
Guaraniaçu;4109302;guaraniaçuano;JURACI RONALDO CAZELLA;1238,32;13735;11,09;13814;96,9;0,677;28,17;108967245,1;93774450,4;42780,95
Guarapuava;4109401;guarapuavano;DENILSON BAITALA;3167,83;182093;57,48;188710;97,1;0,731;14,25;967823992,2;878174222,3;45219,68
Guaraqueçaba;4109500;guaraqueçabano;ALESSANDRO CARNEIRO SOARES TRUCHINSKI;2011,357;7430;3,69;7474;95,3;0,587;25,97;48937280,34;41682137,85;15643,19
Guaratuba;4109609;guaratubano;MAURICIO LENSE;1326,67;42062;31,7;44323;97,8;0,717;19,05;282198578,5;252105586,5;25866,35
Honório Serpa;4109658;honório serpense;JOÃO CARLOS GARBIN;502,17;4941;9,84;4872;99,1;0,683;13,51;54294521,43;46677983,85;59356,44
Ibaiti;4109708;ibaitiense;ROBERTO REGAZZO;898,221;28830;32,1;29440;96,5;0,71;16,91;168632000,4;134720776,9;27578,3
Ibema;4109757;ibemense;VIVIANE COMIRAN;145,446;6218;42,75;6327;98;0,685;23,53;40902205,67;37300155,47;28551,26
Ibiporã;4109807;ibiporanense;JOSÉ MARIA FERREIRA;297,742;51603;173,31;53054;96,8;0,726;12,72;406930706,1;339753883,1;59501,61
Icaraíma;4109906;icaraimense;DEVAIR FABRIS;675,24;8991;13,32;9139;97,8;0,666;26,55;54257778,26;55346938;32253,35
Iguaraçu;4110003;iguaraçuense;CLAUDIO APARECIDO BERNIN;164,983;5338;32,35;5599;98,3;0,758;-;45897742,65;42465766,43;47491,38
Iguatu;4110052;iguatuense;MARTINHO LUCAS DE GODOY;106,937;2144;20,05;2162;96,7;0,703;-;32940751,96;27737603,99;37319,79
Imbaú;4110078;imbauense;DAYANE SOVINSKI RODRIGUES;330,734;14249;43,08;14815;97,2;0,622;6,58;66278296,35;59284940,75;20535,37
Imbituva;4110102;imbituvense;BERTOLDO ROVER;756,535;29924;39,55;30757;95,9;0,66;9,43;179665119,6;151175037,5;38757
Inácio Martins;4110201;inácio-martinense;EDMUNDO VIER;936,645;9670;10,33;9633;94,5;0,6;15,63;85295464,92;66410713,57;23903,16
Inajá;4110300;inajaense;JOÃO EDER AGUILAR;194,704;2536;13,02;2510;98,6;0,705;-;25664545,3;22363531,72;18680,84
Indianópolis;4110409;indianopolitano;PAULO CEZAR RIZZATO MARTINS;122,622;4448;36,27;4531;100;0,724;40;56131928,83;40774714,23;113474,61
Ipiranga;4110508;ipiranguense;DOUGLAS DAVI CRUZ;900,721;14142;15,7;14338;97,4;0,652;13,7;108329647;86882270,89;40139,66
Iporã;4110607;iporãense;ROBERTO DA SILVA;647,894;15746;24,3;16062;99,2;0,706;23,26;111499028,1;113245505;43768,84
Iracema do Oeste;4110656;iracemense;ELZA HAASE RODRIGUES;81,538;2343;28,74;2344;98,3;0,707;52,63;32224557,76;26888804,54;87715,1
Irati;4110706;iratiense;EMILIANO AUGUSTO ROCHA GOMES;999,517;59250;59,28;60796;98,5;0,726;7,79;333931997,4;288983474,2;37212,5
Iretama;4110805;iretamense;SAME SAAB;570,459;10684;18,73;10843;98,7;0,665;21,58;85479519,82;71150066,33;35316,65
Itaguajé;4110904;itaguajeense;RENATO FELIX DE SOUZA;194,353;4481;23,06;4532;98,9;0,707;-;37609922,26;35200900,8;27517,51
Itaipulândia;4110953;itaipulandiense;LINDOLFO MARTINS RUI;330,846;11485;34,71;11984;99,2;0,738;6,94;223940856,1;188244552;45291,86
Itambaracá;4111001;itambaracaense;AMARILDO TOSTES;207,342;5908;28,49;5874;99,5;0,694;17,24;86044425,34;66644930,5;34321,07
Itambé;4111100;itambenense;ANANIAS SOARES VIEIRA;243,822;6111;25,06;6215;99,2;0,746;-;43404449,37;39109216,17;37372,99
Itapejara d'Oeste;4111209;itapejarense;VILMAR SCHMOLLER;254,014;12344;48,6;12766;100;0,731;-;86792436,16;72857054,03;61623,39
Itaperuçu;4111258;itaperuçuense;EDILSON RUIZ DE FREITAS;322,991;31217;96,65;32890;94,9;0,637;16,67;125877834,1;109083153;21258,32
Itaúna do Sul;4111308;itaunense;GILSON JOSÉ DE GOIS;128,87;3572;27,72;3620;93,6;0,656;22,22;37573159,77;28784175,7;32503,7
Ivaí;4111407;ivaiense;ORLI ANTONIO CAMARGO DE CRISTO;607,848;13229;21,76;13473;97,2;0,651;14,71;79745999,55;73868091,96;35427,84
Ivaiporã;4111506;ivaiporãnense;LUIZ CARLOS GIL;437,254;32720;74,88;33529;98,3;0,73;12,66;159523930,1;177316079,1;29727,09
Ivaté;4111555;ivateense;DENILSON VAGLIERI PREVITAL;410,156;6831;16,65;6833;98,1;0,706;13,89;51075405,2;45495344,25;24589,82
Ivatuba;4111605;ivatubense;VARLEI VERCEZI;96,427;2708;28,02;2705;99,2;0,766;33,33;39641936;29109168,11;43529,53
Jaboti;4111704;jabotiense;REGIS WILLIAM SIQUEIRA RODRIGUES;139,277;5427;38,97;5576;97,6;0,718;-;45599248,68;39212191,2;30019,41
Jacarezinho;4111803;jacarezinhense;MARCELO JOSE BERNARDELI PALHARES;602,528;40375;67,01;41400;98,1;0,743;17,82;201000883,6;187914450,8;40697,5
Jaguapitã;4111902;jaguapitãense;EDISON RODRIGUES DE ALMEIDA;475,004;15122;31,84;15719;98,9;0,715;4,93;110034292,5;94804456,03;75709,97
Jaguariaíva;4112009;jaguariaivense;JOSÉ SLOBODA;1447,811;35141;24,18;36231;98;0,743;8,37;204987309;194147865,7;50833,4
Jandaia do Sul;4112108;jandaiense-do-sul;BENEDITO JOSE PUPIO;187,6;21408;114,12;21851;99,2;0,747;33,06;108626716,9;102598435,9;37131,72
Janiópolis;4112207;janiopolitano;EIDES GUEDES;336,8;5870;17,49;5835;99;0,696;16,13;52317271,59;47780576,55;48899,02
Japira;4112306;japirense;HARIEL VIEIRA FOGAÇA;187,802;4972;26,47;5060;98,3;0,696;-;38903463,71;30902265,62;33157,3
Japurá;4112405;japuraense;ADRIANA CRISTINA POLIZER;165,185;9144;55,36;9354;98,4;0,712;18,35;69982817,53;60905741,93;33552,33
Jardim Alegre;4112504;jardim-alegrense;MOISES LNORTOVZ DOS SANTOS;413,386;12004;29,04;12130;98,1;0,689;16,67;76417632,98;61779527,76;33805,27
Jardim Olinda;4112603;jardinolindense;WEVERTON JOSÉ DOS SANTOS LIMA;128,515;1343;10,45;1353;97,5;0,682;111,11;36469363,48;26454979,97;43584,29
Jataizinho;4112702;jatainhense;WILSON FERNANDES;159,178;11813;74,21;11971;97,9;0,687;6,33;62525248,19;67150854,18;22283,34
Jesuítas;4112751;jesuitense;EDICARLOS GRIZOTTO DE OLIVEIRA;247,496;10506;42,45;10860;97,6;0,705;-;67877200,13;53803783,64;53568,47
Joaquim Távora;4112801;tavorense;GELSON MANSUR NASSAR;289,173;11945;41,31;12280;97,4;0,7;17,65;78778832,57;73136745,81;56092,66
Jundiaí do Sul;4112900;jundiaiense-do-sul;PAULO ROBERTO PEDRO;320,816;3333;10,39;3366;99;0,688;-;34965258,95;39597325,96;39430,86
Juranda;4112959;jurandense;JOELMA DAMASCENO DEMENECK;354,364;7771;21,93;7898;98,2;0,708;22,22;59324744,33;46381091,89;60870,69
Jussara;4113007;jussarense;MOACIR LUIZ PEREIRA VALENTINI;210,869;6690;31,73;6795;97;0,718;-;71283225,84;59766841,56;57314,41
Kaloré;4113106;kaloreense;WASHINGTON LUIZ DA SILVA;193,299;4582;23,7;4657;95,9;0,721;-;38075423,72;35005501,14;41457,2
Lapa;4113205;lapeano;DIEGO TIMBIRUSSU RIBAS;2093,859;45003;21,49;45857;98,8;0,706;13,08;295153709,6;249591199,4;58401,14
Laranjal;4113254;laranjaense;MAYCON LOPES SIMIONI;559,439;5600;10,01;5575;97,2;0,585;13,33;50310139,08;47943576,05;19763,62
Laranjeiras do Sul;4113304;laranjeirense-do-sul;JAISON RODRIGO MENDES;674,584;32227;47,84;33103;96,3;0,706;14,52;181321800;174184250;31951,5
Leópolis;4113403;leopolense;LEOMAR MONTEIRO;344,918;3752;10,88;3751;98,8;0,707;31,25;42229330,68;36802464,03;58364,13
Lidianópolis;4113429;lidianopolitano;APARECIDO BUZATO;151,456;3938;26;3989;99,4;0,68;-;36806063,33;30573783,67;39839,41
Lindoeste;4113452;lindo-estense;SILVIO DE SOUZA;347,093;5175;14,91;5226;98,9;0,666;-;39215695,45;36504713,21;44761,21
Loanda;4113502;loandense;JOSE MARIA PEREIRA FERNANDES;722,497;23225;32,15;23813;97,9;0,725;20,76;145524383,5;133427692,5;29837,55
Lobato;4113601;lobatense;FABIO CHICAROLI;240,904;4601;19,1;4693;98,8;0,744;71,43;46171242,55;42624582,85;44449,25
Londrina;4113700;londrinense;JOSÉ TIAGO CAMARGO DO AMARAL;1652,569;555965;336,42;577318;97,3;0,778;11,81;3210822531;3512362840;40636,89
Luiziana;4113734;luizianense;EDSON LISS;916,839;6690;7,3;6696;98,1;0,668;-;77019022,29;58026744,63;75776,65
Lunardelli;4113759;lunardelliense;LUIZ WANDERLEI MARSON SARDI;199,213;4872;24,46;4902;98,5;0,69;-;36397758,99;33620197,89;30292,4
Lupionópolis;4113809;lupionopolense;JOSÉ CARLOS TIBÉRIO;121,066;4813;39,76;4911;98,5;0,71;25,64;38140857,21;35401772,81;26466,49
Mallet;4113908;malletense;PEDRO KOWALCZYK;760,224;13428;17,66;13655;98,5;0,708;-;85159562,77;77905012,69;55371,69
Mamborê;4114005;mamborense;SEBASTIÃO ANTONIO MARTINEZ;788,061;13452;17,07;13572;98,8;0,719;6,49;102387617,2;85379408,14;61489,61
Mandaguaçu;4114104;mandaguaçuense;JOSE ROBERTO MENDES;294,019;31457;106,99;33752;96,8;0,718;13,7;139344006,7;125070695,7;29426,09
Mandaguari;4114203;mandaguariense;IVONÉIA DE ANDRADE APARECIDO FURTADO;335,814;36716;109,33;38050;98,7;0,751;2,21;196759117,7;190460065,1;53014,37
Mandirituba;4114302;mandiritubense;FELIPE CLAUDINO MACHADO;379,179;27439;72,36;28761;94,7;0,655;12,2;147861739,3;132759593,4;23966,47
Manfrinópolis;4114351;manfrinopolitano;AMARILDO ALVES CARNEIRO;215,779;2770;12,84;2761;98,3;0,645;-;38058674,85;29209924,72;33366,74
Mangueirinha;4114401;mangueirinhense;LEANDRO DORINI;1055,458;16603;15,73;16764;97,6;0,688;10,49;161490952,1;139845034;107007,02
Manoel Ribas;4114500;manoel-ribense;JOSE CARLOS DA SILVA CORONA;571,135;14240;24,93;14576;95,6;0,716;14,02;78890357,78;68515371,29;39322,07
Marechal Cândido Rondon;4114609;rondonense;ADRIANO BACKES;745,748;55836;74,87;58140;98,5;0,774;9,43;394042306,8;353558400,7;54115,26
Maria Helena;4114708;maria-helenense;MARLON RANCER MARQUES;486,224;5865;12,06;5935;97,8;0,703;-;47581666,51;46229893,72;24040,1
Marialva;4114807;marialvense;FLAVIA CHERONI DA SILVA BRITA;475,493;41851;88;44098;99,2;0,735;12,22;260163408,4;236185824,1;73526,3
Marilândia do Sul;4114906;marilandense;WALMIR PERES;384,424;8677;22,57;8774;98,7;0,691;-;58134735,56;53334832,34;53048,12
Marilena;4115002;marilenense;CELIO LELIS DA MATA;232,363;7253;31,21;7409;98,5;0,681;10,42;50752372,01;44802210,35;24602,47
Mariluz;4115101;mariluzense;PAULO ARMANDO DA SILVA ALVES;433,17;9847;22,73;9934;99,1;0,639;8,4;64787637,64;62639026,31;27537,3
Maringá;4115200;maringaense;SILVIO MAGALHAES BARROS II;487,026;409657;841,16;425983;98,4;0,808;10,82;2843955756;2511012842;51908,79
Mariópolis;4115309;mariopolitano;MARIO EDUARDO LOPES PAULEK;230,365;6371;27,66;6475;97,5;0,698;-;75970046,17;66106850,01;66104,97
Maripá;4115358;maripaense;RODRIGO ANDRE SCHANOSKI;283,793;6555;23,1;6767;99,6;0,758;-;68467791,36;56795229,42;85964,22
Marmeleiro;4115408;marmeleirense;JANDER LUIZ LOSS;387,612;15901;41,02;16386;98,1;0,722;28,3;90012744,58;74907294,37;44085,52
Marquinho;4115457;marquinhense;ELIO BOLZON JUNIOR;518,648;4504;8,94;4521;99,4;0,614;34,48;49280360,36;40777376,46;26024,98
Marumbi;4115507;marumbiense;ELAINE MARIA FERREIRA COSTA;208,47;4699;22,54;4778;97,1;0,721;-;39174829,92;32662062,98;22126,59
Matelândia;4115606;matelandiense;GABRIEL DA SILVA CADINI;639,208;18450;28,84;19022;98,8;0,725;4,07;142603393,3;112401558,7;60024,71
Matinhos;4115705;matinhense;EDUARDO ANTONIO DALMORA;117,479;39259;332,99;41416;98,7;0,743;24,67;286569568,1;264277241,7;24992,19
Mato Rico;4115739;mato-riquense;EDELIR DE JESUS RIBEIRO DA SILVA;394,533;3267;8,28;3237;97,1;0,632;35,71;46102665,39;39679377,23;39211,07
Mauá da Serra;4115754;mauaense da serra;GIVANILDO LOPES;108,324;9383;86,62;9628;98,6;0,652;7,58;68842639,93;54132063,1;33993,16
Medianeira;4115804;medianeirense;ANTONIO FRANÇA BENJAMIM;328,732;54369;165,39;57120;98,7;0,763;9,89;315921963,1;280988764,6;52026,64
Mercedes;4115853;mercedense;LAERTON WEBER;197,136;5931;30,09;6136;99,6;0,74;14,08;71895349,09;64156816,52;49534,82
Mirador;4115903;miradorense;FABIANO MARCOS DA SILVA TRAVAIN;221,708;2238;10,09;2258;97,2;0,68;-;29534930,68;25730289,08;58094,56
Miraselva;4116000;miraselvano;JOAO MARCOS FERRER;90,294;1966;21,77;2008;99,6;0,748;-;1255153,37;24177468,49;29302,32
Missal;4116059;missalense;ADILTO LUIS FERRARI;324,397;11064;34,11;11301;97,5;0,711;-;128008689,8;110615747;43570,31
Moreira Sales;4116109;moreira-salense;LUIZ ANTONIO VOLPATO;353,475;11175;31,59;11137;98,3;0,675;15,15;83648459,44;72733105,42;25586,92
Morretes;4116208;morretense;SEBASTIÃO BRINDAROLLI JUNIOR;684,58;18309;26,74;18908;96,6;0,686;26,6;78183752,02;78563407,18;23612,37
Munhoz de Melo;4116307;munhozense;ÁUREO GOMES;137,018;3951;28,84;4045;98,4;0,726;-;48807300,55;39046596,75;33946,78
Nossa Senhora das Graças;4116406;gracense;CLODOALDO APARECIDO RIGIERI;185,769;3669;19,75;3685;97,1;0,709;-;37306095,8;32428300,07;24826,1
Nova Aliança do Ivaí;4116505;ivaiense;ULISSES DE SOUZA;131,272;1323;10,08;1327;97,5;0,717;-;26755178,68;21485478,66;33292,16
Nova América da Colina;4116604;nova-americanense;TANIA CRISTINA DA SILVA BASSO;129,476;3280;25,33;3299;97,8;0,698;27,03;21514740,37;1;28507,42
Nova Aurora;4116703;nova-aurorense;JOSE APARECIDO DE PAULA E SOUZA;470,642;13765;29,25;14219;95,8;0,733;-;112235474,7;103129960,2;80918,59
Nova Cantu;4116802;nova-cantuense;AIRTON ANTONIO AGNOLIN;555,488;6790;12,22;6799;96,8;0,658;-;51290027,7;47151939,89;72116,33
Nova Esperança;4116901;nova-esperancense;JOAO EDUARDO PASQUINI;401,587;26585;66,2;27142;98,7;0,722;3,44;152879434,6;143122951;33612,53
Nova Esperança do Sudoeste;4116950;novaesperancense;JAIME DA SILVA STANG;208,472;5597;26,85;5744;98,6;0,714;10,75;52346892,85;43017154,42;32869,52
Nova Fátima;4117008;fatimense;RENATA MONTENEGRO BALAN XAVIER;283,423;7225;25,49;7201;99,3;0,688;-;50505885,35;42532645,75;38786,71
Nova Laranjeiras;4117057;nova laranjeirense;FABIO ROBERTO DOS SANTOS;1209,313;12074;9,98;12287;95,5;0,642;5,62;74186178,12;59828736,46;26898,21
Nova Londrina;4117107;nova-londrinense;LUIZ GUSTAVO MAIOR BONO;269,389;12923;47,97;13085;98,6;0,758;6,67;91436146,97;79661729,38;33588,39
Nova Olímpia;4117206;novaolimpiense;LUIZ LAZARO SORVOS;136,347;5833;42,78;5960;98,8;0,71;15,63;52151727,65;48185148,51;18682,89
Nova Santa Bárbara;4117214;bárbaraense;CLAUDEMIR VALÉRIO;76,887;4184;54,42;4280;97,6;0,68;23,26;37185779,69;31017670,07;25733,07
Nova Santa Rosa;4117222;nova-santa-rosense;LARI HITZ;204,665;8322;40,66;8535;99,5;0,731;-;74256863,59;64661677,1;52914,12
Nova Prata do Iguaçu;4117255;pratense;ELIZETE CAVAZIN;352,565;12699;36,02;13196;97,9;0,716;-;84575269,33;81125258,64;46729,6
Nova Tebas;4117271;nova-tebense;PEDRO LOURENÇO;545,686;6848;12,55;6870;97,5;0,651;11,36;62427416,11;53757406,98;36140,29
Novo Itacolomi;4117297;itacolomiense;JOAO PEDRO MAGON;161,411;3125;19,36;3210;97,9;0,71;-;41050543,05;33009596,57;32234,85
Ortigueira;4117305;ortigueirense;ARY DE OLIVEIRA MATTOS;2429,52;24192;9,96;24627;95,1;0,609;8,4;262115586,9;283145687,1;125166,19
Ourizona;4117404;ourizonense;JANILSON MARCOS DONASAN;176,457;3187;18,06;3206;96,9;0,72;-;42406345,88;31771080,74;48701,95
Ouro Verde do Oeste;4117453;ouro-verdense;LUCIAN ALUISIO DIERINGS;293,042;6785;23,15;7031;98,8;0,709;-;55295248,2;44229254,57;52789,8
Paiçandu;4117503;paiçanduense;ISMAEL BATISTA;171,379;45962;268,19;48207;97,2;0,716;11,86;168361580,8;150774179,8;25035,43
Palmas;4117602;palmense;DANIEL RICARDO LANGARO;1559,338;48247;30,97;49891;92,8;0,66;17,65;204082502,6;196412984,5;30790,74
Palmeira;4117701;palmeirense;ALTAMIR SANSON;1471,296;33855;23,03;34806;95,5;0,718;14,05;224628428,2;219715909,9;48142,63
Palmital;4117800;palmitalense;ROBERTO CARLOS ROSSI;817,647;13033;15,94;12967;97;0,639;11,76;88199847,03;78935920,54;25939,77
Palotina;4117909;palotinense;RODRIGO RIBEIRO;651,238;35011;53,76;36623;99,4;0,768;6,02;315104501,5;279310786,7;86939,78
Paraíso do Norte;4118006;paraisense-do-norte;CARLOS ALBERTO VIZZOTTO;204,564;13245;64,75;13634;97,7;0,746;23,26;91288838,16;78409132,17;26547,42
Paranacity;4118105;paranacitense;JOSE CLAUDIO BATISTA;348,631;9557;27,41;9597;99;0,717;-;59046593,86;54940117,03;27859,98
Paranaguá;4118204;parnanguara;ADRIANO RAMOS;822,838;145829;177,23;149819;98;0,75;7,66;1020102408;874275476;86717,02
Paranapoema;4118303;paranapoemense;SIDNEI FRAZATTO;175,875;2398;13,63;2378;98,5;0,709;100;33895815,91;27423669,31;28083,2
Paranavaí;4118402;paranavaiense;MAURÍCIO GEHLEN;1202,266;92001;76,52;95525;98,7;0,763;14,15;496642673,7;432701812,1;35548,61
Pato Bragado;4118451;pato bragadense;JOHN JEFERSON WEBER NODARI;135,6;5733;42,28;5939;100;0,747;20,41;86972419,76;72854448,82;42312,81
Pato Branco;4118501;pato-branquense;GERI NATALINO DUTRA;539,311;91836;170,35;96602;98,7;0,782;9,77;611475228,7;591347591,7;53648,87
Paula Freitas;4118600;paula-freitense;SEBASTIÃO ALGACIR DALPRA;421,409;5666;13,45;5778;98;0,717;-;48274309,18;41654724,01;74045,21
Paulo Frontin;4118709;frontinense;IRENEU INACIO ZACHARIAS;363,351;6343;17,46;6369;99,4;0,708;-;52746470,84;44813199,72;53483,78
Peabiru;4118808;peabiruense;JOSÉ MARCOS GONÇALVES LOPES;468,594;13346;28,48;13496;98;0,723;6,06;81845917,38;74106781,55;32407,58
Perobal;4118857;perobalense;CRISTIANO CEZAR MERLINI DE ALBUQUERQUE;409,05;7189;17,57;7496;98,1;0,713;8,4;59390348,85;49875907,54;45512,01
Pérola;4118907;perolense;VALDETE CARLOS OLIVEIRA GONCALVES DA CUNHA;236,186;11878;50,29;12275;99,4;0,7;7,81;80838640,22;82150425,93;31537
Pérola d'Oeste;4119004;pérolatense;EDSOM LUIZ BAGETTI;205,279;6221;30,31;6235;99,1;0,726;-;57734050,56;48978794,53;38184,61
Piên;4119103;pienense;MAICON GROSSKOPF;254,792;13655;53,59;14179;97,5;0,694;10;113233067,8;88547406,46;70453,65
Pinhais;4119152;pinhaense;ROSA MARIA DE JESUS COLOMBO;60,871;127019;2086,76;131199;97,2;0,751;9,11;785819358,6;704444838,8;59079,55
Pinhalão;4119202;pinhalense ou pinhalãoense;LUIZ EDUARDO DE CASTRO VANZELI;220,625;6566;29,76;6707;99,4;0,697;-;44662931,69;41053695,78;39773,88
Pinhal de São Bento;4119251;pinhalense;PAULO FALCADE DE OLIVEIRA;97,463;2761;28,33;2819;99,6;0,695;-;31844469,77;25282878,49;29268,85
Pinhão;4119301;pinhãoense;VALDECIR BIASEBETTI;2002,652;29886;14,93;30472;96;0,654;20,28;192150108,2;159837580,7;54851,08
Piraí do Sul;4119400;piraiense;HENRIQUE DE OLIVEIRA CARNEIRO;1346,139;23651;17,58;24000;97,5;0,708;6,76;161022085,4;142587331,4;46229
Piraquara;4119509;piraquarense;MARCUS MAURICIO DE SOUZA TESSEROLLI;227,042;118730;522,94;124934;96,5;0,7;13;525301060,5;420755612,3;13213,37
Pitanga;4119608;pitanguense;DIRCEU MORAES;1693,402;33567;20,18;34513;99;0,702;7,48;210703853,8;194747697,5;38430,52
Pitangueiras;4119657;pitangueirense;SAMUEL TEIXEIRA;123,229;3046;24,72;3121;100;0,71;29,41;32425340,99;28524228,53;36948,03
Planaltina do Paraná;4119707;planaltinense;CELSO MAGGIONI;356,192;4070;11,43;4123;100;0,705;-;40764552,63;38321356,99;24276,36
Planalto;4119806;planaltense;LUIZ CARLOS BONI;346,241;14374;41,51;14663;99,8;0,706;-;93922569,2;80410854,19;31778,1
Ponta Grossa;4119905;ponta-grossense;ELIZABETH SILVEIRA SCHMIDT;2053,265;358371;174,41;372562;98,2;0,763;7,78;1512692559;1417408403;54316,58
Pontal do Paraná;4119954;pontalense;RUDISNEY GIMENES FILHO;200,83;30425;151,81;32426;97,4;0,738;19,89;200966028,9;194336533;22903,26
Porecatu;4120002;porecatuense;AGAMEMNON AUGUSTO ARAUJO PADUAN;291,663;11624;39,85;11438;96,9;0,738;-;75934691,01;64986755,69;44031,43
Porto Amazonas;4120101;porto-amazonense;ELIAS JOCID GOMES DA COSTA;186,581;4098;21,96;4099;97,8;0,7;-;42112830,32;42103996,34;33301,6
Porto Barreiro;4120150;porto barreirense;EMANOEL VANDERLEI VOLFF;361,021;3110;8,61;3078;99,5;0,688;55,56;57196447,82;46028676,88;54269,08
Porto Rico;4120200;porto-riquense;VALTER BATISTA DOS SANTOS;217,676;3182;14,62;3316;97,1;0,735;16,39;62764830,36;50411631,65;42532,26
Porto Vitória;4120309;porto-vitoriense;FABIANO JOSÉ GLAAB;213,013;3562;16,72;3549;98;0,685;-;35591237,51;30218815,6;24340,57
Prado Ferreira;4120333;prado ferreirense;SILVIO ANTONIO DAMACENO;152,876;3709;24,26;3799;97,8;0,71;-;32249343,97;25269703,62;44913,54
Pranchita;4120358;pranchitano;RONIMAR ELEANDRO SARTOR;226,14;5737;25,37;5833;99,6;0,752;-;57410353,21;52628984,07;65434,42
Presidente Castelo Branco;4120408;castelo-branquense;JOÃO PERICLES MARTINATI;155,734;4336;27,84;4336;99;0,713;-;39924568,35;32252655,31;27323,94
Primeiro de Maio;4120507;primaiense;BRUNO EDUARDO SANTA ROSA BAUERMAMM ESTEVAM;414,442;10082;24,33;10121;97,2;0,701;9,52;73782113,53;67254354,94;33335,27
Prudentópolis;4120606;prudentopolitano;ADELMO LUIZ KLOSOWSKI;2245,85;49393;21,98;50428;97;0,676;9,38;251741721,1;221332823,4;29782,6
Quarto Centenário;4120655;quarto centenariense;WILSON AKIO ABE;320,779;4201;13,05;4170;98,3;0,71;-;50335607,17;37081118,66;82131,21
Quatiguá;4120705;quatiguaense;IZILDA GLEICIANY RODRIGUES CARRO;112,689;8099;71,87;8357;99;0,714;36,14;48330796,89;43790883,94;28269,42
Quatro Barras;4120804;quatro-barrense;LORENO BERNARDO TOLARDO;180,471;24191;134,04;25109;97,1;0,742;12,4;205154873,3;187345991,2;80039,23
Quatro Pontes;4120853;quatro pontense;CESAR ALEXANDRE SEIDEL;114,393;4480;39,16;4636;99,2;0,791;-;52882644,23;43386260,34;62721,52
Quedas do Iguaçu;4120903;quedas-iguaçuense;RAFAEL CIRYLLO CHIAPETTI ALVES DE MOURA;821,503;30738;37,42;31405;97,1;0,681;15,45;175792476,5;143650317,8;42255,94
Querência do Norte;4121000;querenciano;ALEX SANDRO FERNANDES;914,763;10685;11,68;10693;99,1;0,688;8,7;81557127,88;73641396,19;21471,28
Quinta do Sol;4121109;quinta-solense;LEONARDO LAZZARETTI ROMERO;326,177;5001;15,33;5060;96,1;0,715;14,93;39530958,31;36349120,91;57939,58
Quitandinha;4121208;quitandinhense;JOSÉ RIBEIRO DE MOURA;447,024;18398;41,16;18823;98,4;0,68;9,43;112593923,3;94420857,62;26262,3
Ramilândia;4121257;ramilandiense;EDSON DOS SANTOS;237,196;4221;17,8;4293;97,8;0,63;-;40634717,84;32069371,62;25285,9
Rancho Alegre;4121307;alegrense;FLAVIO HENRIQUE PEREIRA;167,646;3512;20,95;3501;98,3;0,707;-;33522262,92;28563547,87;49378,6
Rancho Alegre D'Oeste;4121356;rancho alegrense;EVERTON CÁSSIO ZANUTO;241,185;2618;10,85;2638;98,6;0,704;-;32005969,1;26542943,5;90246,03
Realeza;4121406;realezense;PAULO CEZAR CASARIL;353,416;19247;54,46;19903;97,4;0,722;8,03;108220948,9;108598893,1;43774,47
Rebouças;4121505;reboucense;LAERCIO ANTONIO CIPRIANO;481,84;14514;30,12;14754;98,3;0,672;9,76;90222142,8;74718653,55;35785,75
Renascença;4121604;renascenseano;FABIELI MANFREDI;425,273;6845;16,1;6946;97,7;0,733;-;62674696,75;48321991,96;62394,97
Reserva;4121703;reservense;LUCAS MACHADO RIBEIRO;1635,535;24573;15,02;24851;96,2;0,618;8,2;146576139,2;126145579,3;28122,36
Reserva do Iguaçu;4121752;reservense do iguaçu;VITORIO ANTUNES DE PAULA;834,232;6553;7,86;6543;98,3;0,648;10,53;69191365,56;58756706,48;31998,12
Ribeirão Claro;4121802;ribeirão-clarense;LISANDRO JOSÉ NÉIA BAGGIO;629,224;12364;19,65;12770;98,2;0,716;7,46;86604290,58;79754871,58;36125,48
Ribeirão do Pinhal;4121901;ribeiro-pinhalense;DARTAGNAN CALIXTO FRAIZ;374,732;13060;34,85;13180;98,5;0,701;6,54;60877014,54;55767815,8;26269,94
Rio Azul;4122008;rio-azulense;LEANDRO JASINSKI;599,056;14025;23,41;14214;96,2;0,687;-;100931034,9;80787548,07;47275
Rio Bom;4122107;rio-bonense;MOISÉS JOSÉ DE ANDRADE;177,836;3197;17,98;3223;100;0,729;32,26;37883968,96;30869453,98;33008,65
Rio Bonito do Iguaçu;4122156;rio bonitense;SEZAR AUGUSTO BOVINO;681,403;13929;20,44;14234;97,6;0,629;10,36;107832250,4;77698546,65;33349,16
Rio Branco do Ivaí;4122172;riobranquense;PEDRO TABORDA DESPLANCHES;378,05;3808;10,12;3850;97,2;0,64;-;44495825,87;34994054,48;28043,39
Rio Branco do Sul;4122206;rio-branquense;KARIME FAYAD;811,425;37558;46,29;39307;93,9;0,679;7,55;162160252,1;151731009;42153,61
Rio Negro;4122305;rio-negrense;ALESSANDRO CRISTIAN VON LINSINGEN;604,138;31324;51,85;31992;98,2;0,76;14,45;185387981,7;163903638,6;37477,75
Rolândia;4122404;rolandense;AILTON APARECIDO MAÍSTRO;459,024;71670;156,14;74935;97,5;0,739;12,89;395729397,9;367555543,5;52447,59
Roncador;4122503;roncadorense;MARILIA PEROTTA BENTO GONÇALVES;742,121;11251;15,16;11371;98,7;0,681;6,71;90186886,89;71823019,91;63312,92
Rondon;4122602;rondonense;ROBERTO APARECIDO CORREDATO;555,125;9097;16,39;9240;97;0,713;-;57135794,89;52282348,74;36225,59
Rosário do Ivaí;4122651;rosariense;ANIZIO CESAR LINO SILVA;377,572;5435;14,4;5491;96,8;0,662;35,71;36374232,14;28212417,54;28266,01
Sabáudia;4122701;sabaudiense;EDSON HUGO MANUEIRA;190,329;8822;46,35;9320;98,6;0,74;42,37;64643008,42;61394401,73;101429,37
Salgado Filho;4122800;salgadense;VOLMAR DUARTE;181,015;4075;22,51;4097;98,3;0,7;-;41170217,85;31764439,24;36692,89
Salto do Itararé;4122909;saltense-do-itararé;CLAUDECI JOSÉ DE OLIVEIRA;200,52;5192;25,89;5267;98,5;0,704;-;36320940,24;30100277,14;21322,09
Salto do Lontra;4123006;salto-lontrense;FERNANDO ALBERTO CADORE;312,717;15223;48,68;15636;96,5;0,718;6,33;90846166,74;85979821,29;35429,43
Santa Amélia;4123105;ameliense;ANTONIO CARLOS TAMAIS;78,045;3394;43,49;3386;96,9;0,653;-;20253118,96;20399006,73;31442,18
Santa Cecília do Pavão;4123204;pavonense;CLAUDIO COVRE;105,076;3365;32,02;3375;97,7;0,723;24,39;30329418,43;27121309,48;47193,99
Santa Cruz de Monte Castelo;4123303;monte-castelense;WILLIAN CEZAR VIEGA;442,013;8613;19,49;8806;98,7;0,71;30,93;51318819,7;47527949,35;48684,56
Santa Fé;4123402;santa-feense;EDSON PALOTTA NETTO;276,241;11378;41,19;11669;97,9;0,705;7,19;78913196,9;64999093,01;25928,17
Santa Helena;4123501;santa-helenense;CLADEMAR JOAO MARASKIN;754,701;25492;33,78;26341;99,4;0,744;3,02;352488008,8;357299724,6;54197,49
Santa Inês;4123600;santa-ineense;ADENILSON PACHECO;156,935;1748;11,14;1760;100;0,717;-;20798124,71;16035425,7;32841,43
Santa Isabel do Ivaí;4123709;santa-isabelense;JOÃO CARLOS DA SILVA MENDES;349,497;8912;25,5;9059;100;0,72;12,5;64538599,78;56464315,03;29837,51
Santa Izabel do Oeste;4123808;santa-izabelense;JEAN PIERR CATTO;321,182;14070;43,81;14385;97,1;0,696;6,13;103560758,8;84118738,34;31293,06
Santa Lúcia;4123824;santaluciense;SILVANO TORTELLI;126,813;3644;28,74;3657;97,1;0,687;23,26;39575472,87;31142160,03;36922,32
Santa Maria do Oeste;4123857;santa-mariense;OSCAR DELGADO;819,288;9934;11,87;9985;95,5;0,609;23,26;68562168,89;57277553,84;29026,17
Santa Mariana;4123907;santa-marianense;JOSE MARCELO PIOVAN GUIMARAES;427,193;11066;25,9;11034;98,2;0,7;8,85;68276837,17;59129893,69;42791,96
Santa Mônica;4123956;moniquense;LUAN GUSTAVO FRAZATTO;259,957;3356;12,91;3373;99,7;0,704;30,3;47077274,63;40768263,33;22463,39
Santana do Itararé;4124004;santanense;ELCIO JOSÉ VIDAL;251,269;5514;21,94;5628;97,5;0,687;-;51297091,63;39685165,48;34909,63
Santa Tereza do Oeste;4124020;santa-terezense;AMARILDO RIGOLIN;326,19;13174;40,39;13749;97,7;0,705;15,38;87426522,79;80133717,02;57894,02
Santa Terezinha de Itaipu;4124053;itaipuense;ANTONIO LUIZ BENDO;268,258;24262;90,44;25055;99,6;0,738;19,23;174968778,7;142245901,9;28728,52
Santo Antônio da Platina;4124103;platinense;GILSON DE JESUS ESTEVES;721,472;44369;61,5;45534;96,2;0,718;5,21;173976164,5;159870874,9;32377,92
Santo Antônio do Caiuá;4124202;santo-antoniense;JOSÉ GABRIEL GONÇALVES FACHIANO;219,068;2493;11,38;2496;98;0,696;43,48;33424466,69;30816725,16;20707,25
Santo Antônio do Paraíso;4124301;santo-antoniense;DEVANIR MARTINELLI;167,014;2125;12,72;2116;97,7;0,716;-;30519621,28;26093294,3;52081,94
Santo Antônio do Sudoeste;4124400;santo-antoniense;RICARDO ANTONIO ORTINA;325,651;23673;72,69;24644;96,6;0,671;14,81;138437672,6;123830918,1;31852,54
Santo Inácio;4124509;santo-inaciense;GENY VIOLATTO;280,133;6181;22,06;6397;99,3;0,739;11,9;55982240,97;47717908,45;98142,7
São Carlos do Ivaí;4124608;são-carlense;PAULO FRANCISCO MARINHO DUTRA;225,079;6587;29,27;6712;98,2;0,682;34,88;50714190,49;41088797,47;56894,74
São Jerônimo da Serra;4124707;jeronimense;VENICIUS DJALMA ROSA;823,774;10830;13,15;10913;96,2;0,637;24,69;66441785,43;57455244,38;29122,78
São João;4124806;são-joanense;CLOVIS MATEUS CUCCOLOTTO;388,059;11886;30,63;12230;97,6;0,727;7,52;86491301;83372691,13;87991,12
São João do Caiuá;4124905;caiuense;STEFAN TOMÉ PAUKA;304,413;5586;18,35;5620;95;0,664;-;43765599,36;34222742,86;26569,18
São João do Ivaí;4125001;são-joanense;FÁBIO HIDEK MIURA;353,331;10667;30,19;10700;98,7;0,693;23,08;64977149,25;54635748,95;36497,91
São João do Triunfo;4125100;triunfense;MARIO CEZAR DA SILVA;720,407;13726;19,05;13923;96,9;0,629;19,87;86683434,65;78058480,98;37735,83
São Jorge d'Oeste;4125209;são-jorgense ou jorgense;GELSON COELHO DO ROSÁRIO;379,545;9378;24,71;9550;98,9;0,722;8,33;93670595,53;80394374,43;52566,77
São Jorge do Ivaí;4125308;são-jorgense;AGNALDO CARVALHO GUIMARÃES;315,088;5168;16,4;5193;98,4;0,743;23,26;54262122,86;45339931,07;72507,92
São Jorge do Patrocínio;4125357;patrocinense;RONALDO TINTI;406,413;6504;16;6659;97,2;0,676;14,08;67754887,45;55277541,32;26281,08
São José da Boa Vista;4125407;boa-vistense;JOSE LAZARO FERRAZ;399,73;6040;15,11;6060;99,2;0,671;24,39;38494002,36;35299548,82;37579,8
São José das Palmeiras;4125456;são-joseliense;FRANCO MARIA ALVES CABRAL;182,419;3957;21,69;4030;99,5;0,713;-;35473071,25;30547734,78;27502,48
São José dos Pinhais;4125506;são-joseense;MARGARIDA MARIA SINGER;946,049;329628;348,28;345644;97,4;0,758;7,8;1855037819;1665902153;80717,4
São Manoel do Paraná;4125555;são manoelense;VITOR HUGO RODRIGUES;95,381;2138;22,42;2173;97,8;0,725;90,91;40468653,4;33863657,23;28799,62
São Mateus do Sul;4125605;são-mateuense;FERNANDA GARCIA SARDANHA;1341,714;42366;31,58;43413;97,6;0,719;9,86;249176471,5;215240697,3;32181,24
São Miguel do Iguaçu;4125704;são-miguelense;BOAVENTURA MANOEL JOAO MOTTA;851,917;29122;34,18;30198;99;0,704;4,89;241480542,4;225273581,4;53082,67
São Pedro do Iguaçu;4125753;São pedrense;JACIR DANELLI;308,324;5784;18,76;5769;97,3;0,683;12,35;48516854,01;39462664,68;43023,44
São Pedro do Ivaí;4125803;ivaiense;RILDO BERNARDES DE CAMARGO;322,692;8690;26,93;8611;97,6;0,717;-;63324400,36;53707403,01;33318,9
São Pedro do Paraná;4125902;são-pedrense;VANDERLEI CAETANO DE CASTRO;250,654;2661;10,62;2722;100;0,704;-;40727676,32;33387139,14;39882,77
São Sebastião da Amoreira;4126009;amoreirense;EXILAINE GASPAR;226,872;8063;35,54;8100;99;0,715;11,36;45298354,26;42434049,73;33860,14
São Tomé;4126108;são-tomeense;JOÃO PAULO TRAVASSOS RADDI;218,623;5232;23,93;5290;98,7;0,725;-;43382257,13;42765815,44;28293,49
Sapopema;4126207;sapopemense;PAULO MAXIMIANO DE SOUZA JUNIOR;677,609;6695;9,88;6784;96,7;0,655;9,9;48461142,42;43309142,85;22942,31
Sarandi;4126256;sarandiense;CARLOS ALBERTO DE PAULA JÚNIOR;103,501;118455;1144,48;125785;96,3;0,695;12,89;505417797,9;434716350,3;20962,06
Saudade do Iguaçu;4126272;saudadense;ROGERIO GALLINA;152,084;6108;40,16;6342;99;0,699;40,54;65996117,09;55692178,2;140973,05
Sengés;4126306;sengeano;GERSON NUNES DA SILVA;1443,237;17270;11,98;17344;97,7;0,663;11,72;122664112,4;108238506,8;34196,93
Serranópolis do Iguaçu;4126355;serranopolitano;GILBERTO MARSARO;482,394;5007;10,38;5138;100;0,762;-;60547982,88;48742886,36;65324,84
Sertaneja;4126405;sertanejano;SAMUEL CARLOS DO PRADO;444,492;5616;12,63;5667;99,6;0,725;34,48;62188071,14;53681521,28;80884,23
Sertanópolis;4126504;sertanopolense;ANA RUTH SECCO MATTESCO;505,532;15930;31,51;16183;97,1;0,723;11,49;116705463,9;105363528,6;41980,09
Siqueira Campos;4126603;siqueirense;LUIZ HENRIQUE GERMANO;278,035;22811;82,04;23712;97,5;0,704;6,15;134072278;112139264,8;32901,6
Sulina;4126652;sulinense;GILBERTO JOÃO ROSSI;170,759;3440;20,15;3495;99,2;0,693;-;43137566,31;34072233,66;55046,1
Tamarana;4126678;tamaranense;LUZIA HARUE SUZUKAWA;472,155;10707;22,68;10645;94,4;0,621;23,39;82177887,4;77750768,7;25633,93
Tamboara;4126702;tamboarense;GIOVANE MONTEIRO DA SILVA;193,346;4880;25,24;4979;98,3;0,731;37,74;35478600,43;32103187,5;24312,5
Tapejara;4126801;tapejarense;RONALDO ADRIANO VILAS BOAS;591,399;15869;26,83;16255;98,3;0,703;12,42;117161441,3;105575303,1;30138,8
Tapira;4126900;tapirense;RONALD ROGÉRIO LOPES SMARZARO;434,371;5745;13,23;5813;99,2;0,697;18,18;45977360,14;40894442,62;28143,29
Teixeira Soares;4127007;teixeira-soarense;IVANOR LUIZ MULLER;902,801;9547;10,57;9581;96,8;0,671;23,62;89030835,3;78633477,83;48305,51
Telêmaco Borba;4127106;telêmaco-borbense;RITA MARA DE PAULA ARAUJO;1382,86;75042;54,27;77182;98,4;0,734;10,97;472443787;397192979,2;60971,64
Terra Boa;4127205;terra-bonense;VALTER PERES;320,85;17568;54,75;18048;98,8;0,728;32,79;124968719,3;101495188,3;32908,97
Terra Rica;4127304;terra-riquense;AGNALDO DE SOUZA COSTA;700,599;14842;21,18;14989;98,8;0,71;12,66;121098100,4;111776377;22058,69
Terra Roxa;4127403;terra-roxense;IVAN REIS DA SILVA;800,807;18119;22,63;18548;97,7;0,714;20,66;144056575,9;112854381,5;50881,4
Tibagi;4127502;tibagiano;RILDO EMANOEL LEONARDI;2977,933;19961;6,7;20304;96,6;0,664;3,5;193526072,7;145537760,7;69611,31
Tijucas do Sul;4127601;tijuquense / tijucano;JOSÉ ALTAIR MOREIRA;671,889;17621;26,23;18279;97,2;0,636;13,76;121571457,2;110864555,3;33328,52
Toledo;4127700;toledano;MARIO CESAR COSTENARO;1198,049;150470;125,6;158620;98,8;0,768;8,81;1028344233;892895749,1;51745,73
Tomazina;4127809;tomazinense;CEZAR BUENO DE MELO;591,438;8426;14,25;8495;98,4;0,699;11,49;55201564,89;44866033,78;42105,95
Três Barras do Paraná;4127858;tribarrense;GERSO FRANCISCO GUSSO;505,505;11135;22,03;11197;98,3;0,681;-;83248326,12;74192542,12;36223,55
Tunas do Paraná;4127882;tunense;MARCO ANTONIO BALDÃO;668,478;6219;9,3;6302;97,4;0,611;17,09;52106543,39;43348656,51;15551,33
Tuneiras do Oeste;4127908;tuneirense;GUERINO MENDONÇA DOS SANTOS;698,871;8067;11,54;8095;97,7;0,695;11,49;61637730,85;51058364;27492,5
Tupãssi;4127957;tupãssiense;JOSE CARLOS MARIUSSI;299,769;8077;26,94;8204;98,5;0,73;27,03;67170849,76;56317765,67;53232,85
Turvo;4127965;turvense;ANTONIO MARCOS SEGURO;939,182;14231;15,16;14443;97,5;0,672;14,49;108689261,1;86419090,98;46362,98
Ubiratã;4128005;ubiratense;FABIO DE OLIVEIRA DALECIO;652,581;24749;37,92;25517;97,7;0,739;5,97;172558552,1;147372834,3;82368,19
Umuarama;4128104;umuaramense;ANTONIO FERNANDO SCANAVACA;1234,537;117095;94,85;121972;97,9;0,761;13,13;698923922,4;677540115,1;36183,64
União da Vitória;4128203;união-vitoriense;ARY CARNEIRO JUNIOR;719,998;55033;76,43;56397;98,2;0,74;10,25;299346614,6;322486527,4;33607,71
Uniflor;4128302;uniflorense;MAYCON RODRIGO RODRIGUES DE SOUZA;94,819;2136;22,53;2121;98,3;0,72;-;33170497,87;29010226,62;38081,98
Uraí;4128401;uraiense;ANGELO TARANTINI FILHO;237,81;10406;43,76;10407;98,6;0,721;-;61027963,19;54217214,7;32748,89
Wenceslau Braz;4128500;brazense;LUIZ CARLOS VIDAL;397,916;19188;48,22;19430;98,2;0,687;22,64;106314847,4;98817957,22;36742,11
Ventania;4128534;ventaniense;JOSE LUIZ BITTENCOURT;819,334;9681;11,82;9779;95,7;0,65;23,81;71076991,16;60716510,11;28338,49
Vera Cruz do Oeste;4128559;vera-cruzense;EDNEI SGOBI;326,947;8215;25,12;8227;97,7;0,699;-;57457591,41;49544334,85;40663,64
Verê;4128609;vereense;PAULO ROBERTO WEISSHEIMER;311,801;7932;25,44;8051;98,1;0,72;20,2;72807640,92;56481200,4;70446,49
Alto Paraíso;4128625;altoparaisense;LUIZ ELISEU DOS SANTOS;967,772;3055;3,16;3077;99,4;0,678;-;48650572,17;38802811,29;43223,91
Doutor Ulysses;4128633;ulyssense;ESEQUIEL BESTEL JUNIOR;777,482;5697;7,33;5773;94,4;0,546;-;39842388,62;34292330,78;17958,74
Virmond;4128658;virmondense;FERNANDO MIERZVA;249,065;3811;15,3;3842;99,5;0,722;-;36632020,53;37883890,63;46837,97
Vitorino;4128708;vitorinense;MARCIANO VOTTRI;308,218;9706;31,49;10280;97,4;0,702;20,41;66537191,09;62558887,74;72445,13
Xambrê;4128807;xambrense;DECIO JARDIM;359,712;5798;16,12;5851;98,6;0,706;-;48862197,36;40837562,92;21426,52
;;;;;;;;;;;;;
;;;;;;;;;;;;;
Notas:;;;;;;;;;;;;;
Escolarização 6 a 14 anos : [população residente no município de 6 a 14 anos de idade matriculada no ensino regular/total de população residente no município de 6 a 14 anos de idade] x 100;;;;;;;;;;;;;
Fontes:;;;;;;;;;;;;;
Área Territorial: Área territorial brasileira 2022. Rio de Janeiro: IBGE, 2023;;;;;;;;;;;;;
População no último censo: Censo 2022: População e Domicílios - Primeiros Resultados - Atualizado em 22/12/2023;;;;;;;;;;;;;
Densidade demográfica: Censo 2022: População e Domicílios - Primeiros Resultados - Atualizado em 22/12/2023;;;;;;;;;;;;;
População estimada: IBGE, Diretoria de Pesquisas, Coordenação de População e Indicadores Sociais, Estimativas da população residente com data de referência 1o de julho de 2024;;;;;;;;;;;;;
Escolarização 6 a 14 anos : IBGE, Censo Demográfico 2010;;;;;;;;;;;;;
IDHM Índice de desenvolvimento humano municipal : Programa das Nações Unidas para o Desenvolvimento - PNUD;;;;;;;;;;;;;
Mortalidade infantil: Ministério da Saúde, Departamento de Informática do Sistema Único de Saúde - DATASUS 2022;;;;;;;;;;;;;
Total de receitas brutas realizadas: Siconfi: Sistema de Informações Contábeis e Fiscais do Setor Público Brasileiro. Brasília, DF, [2023]. Disponível em: https://siconfi.tesouro.gov.br/siconfi/pages/public/consulta_finbra/finbra_list.jsf. Acesso em: jun. 2024, Contas anuais. Receitas orçamentárias realizadas (Anexo I-C) 2023 e Despesas orçamentárias empenhadas (Anexo I-D) 2023. In: Brasil. Secretaria do Tesouro Nacional;;;;;;;;;;;;;
Total de despesas brutas empenhadas: Siconfi: Sistema de Informações Contábeis e Fiscais do Setor Público Brasileiro. Brasília, DF, [2023]. Disponível em: https://siconfi.tesouro.gov.br/siconfi/pages/public/consulta_finbra/finbra_list.jsf. Acesso em: jun. 2024, Contas anuais. Receitas orçamentárias realizadas (Anexo I-C) 2023 e Despesas orçamentárias empenhadas (Anexo I-D) 2023. In: Brasil. Secretaria do Tesouro Nacional;;;;;;;;;;;;;
PIB per capita: IBGE, em parceria com os Órgãos Estaduais de Estatística, Secretarias Estaduais de Governo e Superintendência da Zona Franca de Manaus - SUFRAMA;;;;;;;;;;;;;